date,latitude,longitude,state,district,pollutant,value,qa_value,satellite_source
2023-03-01,28.647,77.315,Delhi,Delhi,O3,0.1488,0.775,Sentinel-5P TROPOMI L3 O3
2023-03-01,19.055,72.842,Maharashtra,Mumbai,O3,0.1492,0.775,Sentinel-5P TROPOMI L3 O3
2023-03-01,13.035,77.598,Karnataka,Bengaluru,O3,0.1492,0.775,Sentinel-5P TROPOMI L3 O3
2023-03-01,22.544,88.342,West Bengal,Kolkata,O3,0.148,0.775,Sentinel-5P TROPOMI L3 O3
2023-03-01,13.165,80.263,Tamil Nadu,Chennai,O3,0.14959999999999998,0.775,Sentinel-5P TROPOMI L3 O3
2023-03-01,17.456,78.441,Telangana,Hyderabad,O3,0.14959999999999998,0.775,Sentinel-5P TROPOMI L3 O3
2023-03-01,25.611,85.093,Bihar,Patna,O3,0.1532,0.775,Sentinel-5P TROPOMI L3 O3
2023-03-01,18.531,73.849,Maharashtra,Pune,O3,0.1492,0.775,Sentinel-5P TROPOMI L3 O3
2023-03-01,30.733,76.789,Chandigarh,Chandigarh,O3,0.1532,0.775,Sentinel-5P TROPOMI L3 O3
2023-03-01,26.847,80.947,Uttar Pradesh,Lucknow,O3,0.1548,0.775,Sentinel-5P TROPOMI L3 O3
2023-03-01,22.719,75.857,Madhya Pradesh,Indore,O3,0.14959999999999998,0.775,Sentinel-5P TROPOMI L3 O3
2023-03-01,23.259,77.413,Madhya Pradesh,Bhopal,O3,0.1528,0.775,Sentinel-5P TROPOMI L3 O3
2023-03-02,28.647,77.315,Delhi,Delhi,O3,0.14959999999999998,0.8,Sentinel-5P TROPOMI L3 O3
2023-03-02,19.055,72.842,Maharashtra,Mumbai,O3,0.15,0.8,Sentinel-5P TROPOMI L3 O3
2023-03-02,13.035,77.598,Karnataka,Bengaluru,O3,0.15,0.8,Sentinel-5P TROPOMI L3 O3
2023-03-02,22.544,88.342,West Bengal,Kolkata,O3,0.1488,0.8,Sentinel-5P TROPOMI L3 O3
2023-03-02,13.165,80.263,Tamil Nadu,Chennai,O3,0.15039999999999998,0.8,Sentinel-5P TROPOMI L3 O3
2023-03-02,17.456,78.441,Telangana,Hyderabad,O3,0.15039999999999998,0.8,Sentinel-5P TROPOMI L3 O3
2023-03-02,25.611,85.093,Bihar,Patna,O3,0.154,0.8,Sentinel-5P TROPOMI L3 O3
2023-03-02,18.531,73.849,Maharashtra,Pune,O3,0.15,0.8,Sentinel-5P TROPOMI L3 O3
2023-03-02,30.733,76.789,Chandigarh,Chandigarh,O3,0.154,0.8,Sentinel-5P TROPOMI L3 O3
2023-03-02,26.847,80.947,Uttar Pradesh,Lucknow,O3,0.1556,0.8,Sentinel-5P TROPOMI L3 O3
2023-03-02,22.719,75.857,Madhya Pradesh,Indore,O3,0.15039999999999998,0.8,Sentinel-5P TROPOMI L3 O3
2023-03-02,23.259,77.413,Madhya Pradesh,Bhopal,O3,0.1536,0.8,Sentinel-5P TROPOMI L3 O3
2023-03-03,28.647,77.315,Delhi,Delhi,O3,0.1504,0.8250000000000001,Sentinel-5P TROPOMI L3 O3
2023-03-03,19.055,72.842,Maharashtra,Mumbai,O3,0.15080000000000002,0.8250000000000001,Sentinel-5P TROPOMI L3 O3
2023-03-03,13.035,77.598,Karnataka,Bengaluru,O3,0.15080000000000002,0.8250000000000001,Sentinel-5P TROPOMI L3 O3
2023-03-03,22.544,88.342,West Bengal,Kolkata,O3,0.1496,0.8250000000000001,Sentinel-5P TROPOMI L3 O3
2023-03-03,13.165,80.263,Tamil Nadu,Chennai,O3,0.1512,0.8250000000000001,Sentinel-5P TROPOMI L3 O3
2023-03-03,17.456,78.441,Telangana,Hyderabad,O3,0.1512,0.8250000000000001,Sentinel-5P TROPOMI L3 O3
2023-03-03,25.611,85.093,Bihar,Patna,O3,0.15480000000000002,0.8250000000000001,Sentinel-5P TROPOMI L3 O3
2023-03-03,18.531,73.849,Maharashtra,Pune,O3,0.15080000000000002,0.8250000000000001,Sentinel-5P TROPOMI L3 O3
2023-03-03,30.733,76.789,Chandigarh,Chandigarh,O3,0.15480000000000002,0.8250000000000001,Sentinel-5P TROPOMI L3 O3
2023-03-03,26.847,80.947,Uttar Pradesh,Lucknow,O3,0.1564,0.8250000000000001,Sentinel-5P TROPOMI L3 O3
2023-03-03,22.719,75.857,Madhya Pradesh,Indore,O3,0.1512,0.8250000000000001,Sentinel-5P TROPOMI L3 O3
2023-03-03,23.259,77.413,Madhya Pradesh,Bhopal,O3,0.1544,0.8250000000000001,Sentinel-5P TROPOMI L3 O3
2023-03-04,28.647,77.315,Delhi,Delhi,O3,0.1512,0.8500000000000001,Sentinel-5P TROPOMI L3 O3
2023-03-04,19.055,72.842,Maharashtra,Mumbai,O3,0.1516,0.8500000000000001,Sentinel-5P TROPOMI L3 O3
2023-03-04,13.035,77.598,Karnataka,Bengaluru,O3,0.1516,0.8500000000000001,Sentinel-5P TROPOMI L3 O3
2023-03-04,22.544,88.342,West Bengal,Kolkata,O3,0.1504,0.8500000000000001,Sentinel-5P TROPOMI L3 O3
2023-03-04,13.165,80.263,Tamil Nadu,Chennai,O3,0.152,0.8500000000000001,Sentinel-5P TROPOMI L3 O3
2023-03-04,17.456,78.441,Telangana,Hyderabad,O3,0.152,0.8500000000000001,Sentinel-5P TROPOMI L3 O3
2023-03-04,25.611,85.093,Bihar,Patna,O3,0.15560000000000002,0.8500000000000001,Sentinel-5P TROPOMI L3 O3
2023-03-04,18.531,73.849,Maharashtra,Pune,O3,0.1516,0.8500000000000001,Sentinel-5P TROPOMI L3 O3
2023-03-04,30.733,76.789,Chandigarh,Chandigarh,O3,0.15560000000000002,0.8500000000000001,Sentinel-5P TROPOMI L3 O3
2023-03-04,26.847,80.947,Uttar Pradesh,Lucknow,O3,0.1572,0.8500000000000001,Sentinel-5P TROPOMI L3 O3
2023-03-04,22.719,75.857,Madhya Pradesh,Indore,O3,0.152,0.8500000000000001,Sentinel-5P TROPOMI L3 O3
2023-03-04,23.259,77.413,Madhya Pradesh,Bhopal,O3,0.1552,0.8500000000000001,Sentinel-5P TROPOMI L3 O3
2023-03-05,28.647,77.315,Delhi,Delhi,O3,0.152,0.875,Sentinel-5P TROPOMI L3 O3
2023-03-05,19.055,72.842,Maharashtra,Mumbai,O3,0.1524,0.875,Sentinel-5P TROPOMI L3 O3
2023-03-05,13.035,77.598,Karnataka,Bengaluru,O3,0.1524,0.875,Sentinel-5P TROPOMI L3 O3
2023-03-05,22.544,88.342,West Bengal,Kolkata,O3,0.1512,0.875,Sentinel-5P TROPOMI L3 O3
2023-03-05,13.165,80.263,Tamil Nadu,Chennai,O3,0.1528,0.875,Sentinel-5P TROPOMI L3 O3
2023-03-05,17.456,78.441,Telangana,Hyderabad,O3,0.1528,0.875,Sentinel-5P TROPOMI L3 O3
2023-03-05,25.611,85.093,Bihar,Patna,O3,0.1564,0.875,Sentinel-5P TROPOMI L3 O3
2023-03-05,18.531,73.849,Maharashtra,Pune,O3,0.1524,0.875,Sentinel-5P TROPOMI L3 O3
2023-03-05,30.733,76.789,Chandigarh,Chandigarh,O3,0.1564,0.875,Sentinel-5P TROPOMI L3 O3
2023-03-05,26.847,80.947,Uttar Pradesh,Lucknow,O3,0.158,0.875,Sentinel-5P TROPOMI L3 O3
2023-03-05,22.719,75.857,Madhya Pradesh,Indore,O3,0.1528,0.875,Sentinel-5P TROPOMI L3 O3
2023-03-05,23.259,77.413,Madhya Pradesh,Bhopal,O3,0.156,0.875,Sentinel-5P TROPOMI L3 O3
2023-03-06,28.647,77.315,Delhi,Delhi,O3,0.1528,0.4,Sentinel-5P TROPOMI L3 O3
2023-03-06,19.055,72.842,Maharashtra,Mumbai,O3,0.1532,0.4,Sentinel-5P TROPOMI L3 O3
2023-03-06,13.035,77.598,Karnataka,Bengaluru,O3,0.1532,0.4,Sentinel-5P TROPOMI L3 O3
2023-03-06,22.544,88.342,West Bengal,Kolkata,O3,0.152,0.4,Sentinel-5P TROPOMI L3 O3
2023-03-06,13.165,80.263,Tamil Nadu,Chennai,O3,0.1536,0.4,Sentinel-5P TROPOMI L3 O3
2023-03-06,17.456,78.441,Telangana,Hyderabad,O3,0.1536,0.4,Sentinel-5P TROPOMI L3 O3
2023-03-06,25.611,85.093,Bihar,Patna,O3,0.1572,0.4,Sentinel-5P TROPOMI L3 O3
2023-03-06,18.531,73.849,Maharashtra,Pune,O3,0.1532,0.4,Sentinel-5P TROPOMI L3 O3
2023-03-06,30.733,76.789,Chandigarh,Chandigarh,O3,0.1572,0.4,Sentinel-5P TROPOMI L3 O3
2023-03-06,26.847,80.947,Uttar Pradesh,Lucknow,O3,0.1588,0.4,Sentinel-5P TROPOMI L3 O3
2023-03-06,22.719,75.857,Madhya Pradesh,Indore,O3,0.1536,0.4,Sentinel-5P TROPOMI L3 O3
2023-03-06,23.259,77.413,Madhya Pradesh,Bhopal,O3,0.1568,0.4,Sentinel-5P TROPOMI L3 O3
2023-03-07,28.647,77.315,Delhi,Delhi,O3,0.1536,0.42500000000000004,Sentinel-5P TROPOMI L3 O3
2023-03-07,19.055,72.842,Maharashtra,Mumbai,O3,0.154,0.42500000000000004,Sentinel-5P TROPOMI L3 O3
2023-03-07,13.035,77.598,Karnataka,Bengaluru,O3,0.154,0.42500000000000004,Sentinel-5P TROPOMI L3 O3
2023-03-07,22.544,88.342,West Bengal,Kolkata,O3,0.1528,0.42500000000000004,Sentinel-5P TROPOMI L3 O3
2023-03-07,13.165,80.263,Tamil Nadu,Chennai,O3,0.15439999999999998,0.42500000000000004,Sentinel-5P TROPOMI L3 O3
2023-03-07,17.456,78.441,Telangana,Hyderabad,O3,0.15439999999999998,0.42500000000000004,Sentinel-5P TROPOMI L3 O3
2023-03-07,25.611,85.093,Bihar,Patna,O3,0.158,0.42500000000000004,Sentinel-5P TROPOMI L3 O3
2023-03-07,18.531,73.849,Maharashtra,Pune,O3,0.154,0.42500000000000004,Sentinel-5P TROPOMI L3 O3
2023-03-07,30.733,76.789,Chandigarh,Chandigarh,O3,0.158,0.42500000000000004,Sentinel-5P TROPOMI L3 O3
2023-03-07,26.847,80.947,Uttar Pradesh,Lucknow,O3,0.1596,0.42500000000000004,Sentinel-5P TROPOMI L3 O3
2023-03-07,22.719,75.857,Madhya Pradesh,Indore,O3,0.15439999999999998,0.42500000000000004,Sentinel-5P TROPOMI L3 O3
2023-03-07,23.259,77.413,Madhya Pradesh,Bhopal,O3,0.1576,0.42500000000000004,Sentinel-5P TROPOMI L3 O3
2023-03-08,28.647,77.315,Delhi,Delhi,O3,0.1544,0.45,Sentinel-5P TROPOMI L3 O3
2023-03-08,19.055,72.842,Maharashtra,Mumbai,O3,0.15480000000000002,0.45,Sentinel-5P TROPOMI L3 O3
2023-03-08,13.035,77.598,Karnataka,Bengaluru,O3,0.15480000000000002,0.45,Sentinel-5P TROPOMI L3 O3
2023-03-08,22.544,88.342,West Bengal,Kolkata,O3,0.15360000000000001,0.45,Sentinel-5P TROPOMI L3 O3
2023-03-08,13.165,80.263,Tamil Nadu,Chennai,O3,0.1552,0.45,Sentinel-5P TROPOMI L3 O3
2023-03-08,17.456,78.441,Telangana,Hyderabad,O3,0.1552,0.45,Sentinel-5P TROPOMI L3 O3
2023-03-08,25.611,85.093,Bihar,Patna,O3,0.15880000000000002,0.45,Sentinel-5P TROPOMI L3 O3
2023-03-08,18.531,73.849,Maharashtra,Pune,O3,0.15480000000000002,0.45,Sentinel-5P TROPOMI L3 O3
2023-03-08,30.733,76.789,Chandigarh,Chandigarh,O3,0.15880000000000002,0.45,Sentinel-5P TROPOMI L3 O3
2023-03-08,26.847,80.947,Uttar Pradesh,Lucknow,O3,0.16040000000000001,0.45,Sentinel-5P TROPOMI L3 O3
2023-03-08,22.719,75.857,Madhya Pradesh,Indore,O3,0.1552,0.45,Sentinel-5P TROPOMI L3 O3
2023-03-08,23.259,77.413,Madhya Pradesh,Bhopal,O3,0.1584,0.45,Sentinel-5P TROPOMI L3 O3
2023-03-09,28.647,77.315,Delhi,Delhi,O3,0.1552,0.47500000000000003,Sentinel-5P TROPOMI L3 O3
2023-03-09,19.055,72.842,Maharashtra,Mumbai,O3,0.15560000000000002,0.47500000000000003,Sentinel-5P TROPOMI L3 O3
2023-03-09,13.035,77.598,Karnataka,Bengaluru,O3,0.15560000000000002,0.47500000000000003,Sentinel-5P TROPOMI L3 O3
2023-03-09,22.544,88.342,West Bengal,Kolkata,O3,0.1544,0.47500000000000003,Sentinel-5P TROPOMI L3 O3
2023-03-09,13.165,80.263,Tamil Nadu,Chennai,O3,0.156,0.47500000000000003,Sentinel-5P TROPOMI L3 O3
2023-03-09,17.456,78.441,Telangana,Hyderabad,O3,0.156,0.47500000000000003,Sentinel-5P TROPOMI L3 O3
2023-03-09,25.611,85.093,Bihar,Patna,O3,0.15960000000000002,0.47500000000000003,Sentinel-5P TROPOMI L3 O3
2023-03-09,18.531,73.849,Maharashtra,Pune,O3,0.15560000000000002,0.47500000000000003,Sentinel-5P TROPOMI L3 O3
2023-03-09,30.733,76.789,Chandigarh,Chandigarh,O3,0.15960000000000002,0.47500000000000003,Sentinel-5P TROPOMI L3 O3
2023-03-09,26.847,80.947,Uttar Pradesh,Lucknow,O3,0.1612,0.47500000000000003,Sentinel-5P TROPOMI L3 O3
2023-03-09,22.719,75.857,Madhya Pradesh,Indore,O3,0.156,0.47500000000000003,Sentinel-5P TROPOMI L3 O3
2023-03-09,23.259,77.413,Madhya Pradesh,Bhopal,O3,0.1592,0.47500000000000003,Sentinel-5P TROPOMI L3 O3
2023-03-10,28.647,77.315,Delhi,Delhi,O3,0.1488,0.775,Sentinel-5P TROPOMI L3 O3
2023-03-10,19.055,72.842,Maharashtra,Mumbai,O3,0.1492,0.775,Sentinel-5P TROPOMI L3 O3
2023-03-10,13.035,77.598,Karnataka,Bengaluru,O3,0.1492,0.775,Sentinel-5P TROPOMI L3 O3
2023-03-10,22.544,88.342,West Bengal,Kolkata,O3,0.148,0.775,Sentinel-5P TROPOMI L3 O3
2023-03-10,13.165,80.263,Tamil Nadu,Chennai,O3,0.14959999999999998,0.775,Sentinel-5P TROPOMI L3 O3
2023-03-10,17.456,78.441,Telangana,Hyderabad,O3,0.14959999999999998,0.775,Sentinel-5P TROPOMI L3 O3
2023-03-10,25.611,85.093,Bihar,Patna,O3,0.1532,0.775,Sentinel-5P TROPOMI L3 O3
2023-03-10,18.531,73.849,Maharashtra,Pune,O3,0.1492,0.775,Sentinel-5P TROPOMI L3 O3
2023-03-10,30.733,76.789,Chandigarh,Chandigarh,O3,0.1532,0.775,Sentinel-5P TROPOMI L3 O3
2023-03-10,26.847,80.947,Uttar Pradesh,Lucknow,O3,0.1548,0.775,Sentinel-5P TROPOMI L3 O3
2023-03-10,22.719,75.857,Madhya Pradesh,Indore,O3,0.14959999999999998,0.775,Sentinel-5P TROPOMI L3 O3
2023-03-10,23.259,77.413,Madhya Pradesh,Bhopal,O3,0.1528,0.775,Sentinel-5P TROPOMI L3 O3
2023-03-11,28.647,77.315,Delhi,Delhi,O3,0.14959999999999998,0.8,Sentinel-5P TROPOMI L3 O3
2023-03-11,19.055,72.842,Maharashtra,Mumbai,O3,0.15,0.8,Sentinel-5P TROPOMI L3 O3
2023-03-11,13.035,77.598,Karnataka,Bengaluru,O3,0.15,0.8,Sentinel-5P TROPOMI L3 O3
2023-03-11,22.544,88.342,West Bengal,Kolkata,O3,0.1488,0.8,Sentinel-5P TROPOMI L3 O3
2023-03-11,13.165,80.263,Tamil Nadu,Chennai,O3,0.15039999999999998,0.8,Sentinel-5P TROPOMI L3 O3
2023-03-11,17.456,78.441,Telangana,Hyderabad,O3,0.15039999999999998,0.8,Sentinel-5P TROPOMI L3 O3
2023-03-11,25.611,85.093,Bihar,Patna,O3,0.154,0.8,Sentinel-5P TROPOMI L3 O3
2023-03-11,18.531,73.849,Maharashtra,Pune,O3,0.15,0.8,Sentinel-5P TROPOMI L3 O3
2023-03-11,30.733,76.789,Chandigarh,Chandigarh,O3,0.154,0.8,Sentinel-5P TROPOMI L3 O3
2023-03-11,26.847,80.947,Uttar Pradesh,Lucknow,O3,0.1556,0.8,Sentinel-5P TROPOMI L3 O3
2023-03-11,22.719,75.857,Madhya Pradesh,Indore,O3,0.15039999999999998,0.8,Sentinel-5P TROPOMI L3 O3
2023-03-11,23.259,77.413,Madhya Pradesh,Bhopal,O3,0.1536,0.8,Sentinel-5P TROPOMI L3 O3
2023-03-12,28.647,77.315,Delhi,Delhi,O3,0.1504,0.8250000000000001,Sentinel-5P TROPOMI L3 O3
2023-03-12,19.055,72.842,Maharashtra,Mumbai,O3,0.15080000000000002,0.8250000000000001,Sentinel-5P TROPOMI L3 O3
2023-03-12,13.035,77.598,Karnataka,Bengaluru,O3,0.15080000000000002,0.8250000000000001,Sentinel-5P TROPOMI L3 O3
2023-03-12,22.544,88.342,West Bengal,Kolkata,O3,0.1496,0.8250000000000001,Sentinel-5P TROPOMI L3 O3
2023-03-12,13.165,80.263,Tamil Nadu,Chennai,O3,0.1512,0.8250000000000001,Sentinel-5P TROPOMI L3 O3
2023-03-12,17.456,78.441,Telangana,Hyderabad,O3,0.1512,0.8250000000000001,Sentinel-5P TROPOMI L3 O3
2023-03-12,25.611,85.093,Bihar,Patna,O3,0.15480000000000002,0.8250000000000001,Sentinel-5P TROPOMI L3 O3
2023-03-12,18.531,73.849,Maharashtra,Pune,O3,0.15080000000000002,0.8250000000000001,Sentinel-5P TROPOMI L3 O3
2023-03-12,30.733,76.789,Chandigarh,Chandigarh,O3,0.15480000000000002,0.8250000000000001,Sentinel-5P TROPOMI L3 O3
2023-03-12,26.847,80.947,Uttar Pradesh,Lucknow,O3,0.1564,0.8250000000000001,Sentinel-5P TROPOMI L3 O3
2023-03-12,22.719,75.857,Madhya Pradesh,Indore,O3,0.1512,0.8250000000000001,Sentinel-5P TROPOMI L3 O3
2023-03-12,23.259,77.413,Madhya Pradesh,Bhopal,O3,0.1544,0.8250000000000001,Sentinel-5P TROPOMI L3 O3
2023-03-13,28.647,77.315,Delhi,Delhi,O3,0.1512,0.8500000000000001,Sentinel-5P TROPOMI L3 O3
2023-03-13,19.055,72.842,Maharashtra,Mumbai,O3,0.1516,0.8500000000000001,Sentinel-5P TROPOMI L3 O3
2023-03-13,13.035,77.598,Karnataka,Bengaluru,O3,0.1516,0.8500000000000001,Sentinel-5P TROPOMI L3 O3
2023-03-13,22.544,88.342,West Bengal,Kolkata,O3,0.1504,0.8500000000000001,Sentinel-5P TROPOMI L3 O3
2023-03-13,13.165,80.263,Tamil Nadu,Chennai,O3,0.152,0.8500000000000001,Sentinel-5P TROPOMI L3 O3
2023-03-13,17.456,78.441,Telangana,Hyderabad,O3,0.152,0.8500000000000001,Sentinel-5P TROPOMI L3 O3
2023-03-13,25.611,85.093,Bihar,Patna,O3,0.15560000000000002,0.8500000000000001,Sentinel-5P TROPOMI L3 O3
2023-03-13,18.531,73.849,Maharashtra,Pune,O3,0.1516,0.8500000000000001,Sentinel-5P TROPOMI L3 O3
2023-03-13,30.733,76.789,Chandigarh,Chandigarh,O3,0.15560000000000002,0.8500000000000001,Sentinel-5P TROPOMI L3 O3
2023-03-13,26.847,80.947,Uttar Pradesh,Lucknow,O3,0.1572,0.8500000000000001,Sentinel-5P TROPOMI L3 O3
2023-03-13,22.719,75.857,Madhya Pradesh,Indore,O3,0.152,0.8500000000000001,Sentinel-5P TROPOMI L3 O3
2023-03-13,23.259,77.413,Madhya Pradesh,Bhopal,O3,0.1552,0.8500000000000001,Sentinel-5P TROPOMI L3 O3
2023-03-14,28.647,77.315,Delhi,Delhi,O3,0.152,0.875,Sentinel-5P TROPOMI L3 O3
2023-03-14,19.055,72.842,Maharashtra,Mumbai,O3,0.1524,0.875,Sentinel-5P TROPOMI L3 O3
2023-03-14,13.035,77.598,Karnataka,Bengaluru,O3,0.1524,0.875,Sentinel-5P TROPOMI L3 O3
2023-03-14,22.544,88.342,West Bengal,Kolkata,O3,0.1512,0.875,Sentinel-5P TROPOMI L3 O3
2023-03-14,13.165,80.263,Tamil Nadu,Chennai,O3,0.1528,0.875,Sentinel-5P TROPOMI L3 O3
2023-03-14,17.456,78.441,Telangana,Hyderabad,O3,0.1528,0.875,Sentinel-5P TROPOMI L3 O3
2023-03-14,25.611,85.093,Bihar,Patna,O3,0.1564,0.875,Sentinel-5P TROPOMI L3 O3
2023-03-14,18.531,73.849,Maharashtra,Pune,O3,0.1524,0.875,Sentinel-5P TROPOMI L3 O3
2023-03-14,30.733,76.789,Chandigarh,Chandigarh,O3,0.1564,0.875,Sentinel-5P TROPOMI L3 O3
2023-03-14,26.847,80.947,Uttar Pradesh,Lucknow,O3,0.158,0.875,Sentinel-5P TROPOMI L3 O3
2023-03-14,22.719,75.857,Madhya Pradesh,Indore,O3,0.1528,0.875,Sentinel-5P TROPOMI L3 O3
2023-03-14,23.259,77.413,Madhya Pradesh,Bhopal,O3,0.156,0.875,Sentinel-5P TROPOMI L3 O3
2023-03-15,28.647,77.315,Delhi,Delhi,O3,0.1528,0.4,Sentinel-5P TROPOMI L3 O3
2023-03-15,19.055,72.842,Maharashtra,Mumbai,O3,0.1532,0.4,Sentinel-5P TROPOMI L3 O3
2023-03-15,13.035,77.598,Karnataka,Bengaluru,O3,0.1532,0.4,Sentinel-5P TROPOMI L3 O3
2023-03-15,22.544,88.342,West Bengal,Kolkata,O3,0.152,0.4,Sentinel-5P TROPOMI L3 O3
2023-03-15,13.165,80.263,Tamil Nadu,Chennai,O3,0.1536,0.4,Sentinel-5P TROPOMI L3 O3
2023-03-15,17.456,78.441,Telangana,Hyderabad,O3,0.1536,0.4,Sentinel-5P TROPOMI L3 O3
2023-03-15,25.611,85.093,Bihar,Patna,O3,0.1572,0.4,Sentinel-5P TROPOMI L3 O3
2023-03-15,18.531,73.849,Maharashtra,Pune,O3,0.1532,0.4,Sentinel-5P TROPOMI L3 O3
2023-03-15,30.733,76.789,Chandigarh,Chandigarh,O3,0.1572,0.4,Sentinel-5P TROPOMI L3 O3
2023-03-15,26.847,80.947,Uttar Pradesh,Lucknow,O3,0.1588,0.4,Sentinel-5P TROPOMI L3 O3
2023-03-15,22.719,75.857,Madhya Pradesh,Indore,O3,0.1536,0.4,Sentinel-5P TROPOMI L3 O3
2023-03-15,23.259,77.413,Madhya Pradesh,Bhopal,O3,0.1568,0.4,Sentinel-5P TROPOMI L3 O3
2023-03-16,28.647,77.315,Delhi,Delhi,O3,0.1536,0.42500000000000004,Sentinel-5P TROPOMI L3 O3
2023-03-16,19.055,72.842,Maharashtra,Mumbai,O3,0.154,0.42500000000000004,Sentinel-5P TROPOMI L3 O3
2023-03-16,13.035,77.598,Karnataka,Bengaluru,O3,0.154,0.42500000000000004,Sentinel-5P TROPOMI L3 O3
2023-03-16,22.544,88.342,West Bengal,Kolkata,O3,0.1528,0.42500000000000004,Sentinel-5P TROPOMI L3 O3
2023-03-16,13.165,80.263,Tamil Nadu,Chennai,O3,0.15439999999999998,0.42500000000000004,Sentinel-5P TROPOMI L3 O3
2023-03-16,17.456,78.441,Telangana,Hyderabad,O3,0.15439999999999998,0.42500000000000004,Sentinel-5P TROPOMI L3 O3
2023-03-16,25.611,85.093,Bihar,Patna,O3,0.158,0.42500000000000004,Sentinel-5P TROPOMI L3 O3
2023-03-16,18.531,73.849,Maharashtra,Pune,O3,0.154,0.42500000000000004,Sentinel-5P TROPOMI L3 O3
2023-03-16,30.733,76.789,Chandigarh,Chandigarh,O3,0.158,0.42500000000000004,Sentinel-5P TROPOMI L3 O3
2023-03-16,26.847,80.947,Uttar Pradesh,Lucknow,O3,0.1596,0.42500000000000004,Sentinel-5P TROPOMI L3 O3
2023-03-16,22.719,75.857,Madhya Pradesh,Indore,O3,0.15439999999999998,0.42500000000000004,Sentinel-5P TROPOMI L3 O3
2023-03-16,23.259,77.413,Madhya Pradesh,Bhopal,O3,0.1576,0.42500000000000004,Sentinel-5P TROPOMI L3 O3
2023-03-17,28.647,77.315,Delhi,Delhi,O3,0.1544,0.45,Sentinel-5P TROPOMI L3 O3
2023-03-17,19.055,72.842,Maharashtra,Mumbai,O3,0.15480000000000002,0.45,Sentinel-5P TROPOMI L3 O3
2023-03-17,13.035,77.598,Karnataka,Bengaluru,O3,0.15480000000000002,0.45,Sentinel-5P TROPOMI L3 O3
2023-03-17,22.544,88.342,West Bengal,Kolkata,O3,0.15360000000000001,0.45,Sentinel-5P TROPOMI L3 O3
2023-03-17,13.165,80.263,Tamil Nadu,Chennai,O3,0.1552,0.45,Sentinel-5P TROPOMI L3 O3
2023-03-17,17.456,78.441,Telangana,Hyderabad,O3,0.1552,0.45,Sentinel-5P TROPOMI L3 O3
2023-03-17,25.611,85.093,Bihar,Patna,O3,0.15880000000000002,0.45,Sentinel-5P TROPOMI L3 O3
2023-03-17,18.531,73.849,Maharashtra,Pune,O3,0.15480000000000002,0.45,Sentinel-5P TROPOMI L3 O3
2023-03-17,30.733,76.789,Chandigarh,Chandigarh,O3,0.15880000000000002,0.45,Sentinel-5P TROPOMI L3 O3
2023-03-17,26.847,80.947,Uttar Pradesh,Lucknow,O3,0.16040000000000001,0.45,Sentinel-5P TROPOMI L3 O3
2023-03-17,22.719,75.857,Madhya Pradesh,Indore,O3,0.1552,0.45,Sentinel-5P TROPOMI L3 O3
2023-03-17,23.259,77.413,Madhya Pradesh,Bhopal,O3,0.1584,0.45,Sentinel-5P TROPOMI L3 O3
2023-03-18,28.647,77.315,Delhi,Delhi,O3,0.1552,0.47500000000000003,Sentinel-5P TROPOMI L3 O3
2023-03-18,19.055,72.842,Maharashtra,Mumbai,O3,0.15560000000000002,0.47500000000000003,Sentinel-5P TROPOMI L3 O3
2023-03-18,13.035,77.598,Karnataka,Bengaluru,O3,0.15560000000000002,0.47500000000000003,Sentinel-5P TROPOMI L3 O3
2023-03-18,22.544,88.342,West Bengal,Kolkata,O3,0.1544,0.47500000000000003,Sentinel-5P TROPOMI L3 O3
2023-03-18,13.165,80.263,Tamil Nadu,Chennai,O3,0.156,0.47500000000000003,Sentinel-5P TROPOMI L3 O3
2023-03-18,17.456,78.441,Telangana,Hyderabad,O3,0.156,0.47500000000000003,Sentinel-5P TROPOMI L3 O3
2023-03-18,25.611,85.093,Bihar,Patna,O3,0.15960000000000002,0.47500000000000003,Sentinel-5P TROPOMI L3 O3
2023-03-18,18.531,73.849,Maharashtra,Pune,O3,0.15560000000000002,0.47500000000000003,Sentinel-5P TROPOMI L3 O3
2023-03-18,30.733,76.789,Chandigarh,Chandigarh,O3,0.15960000000000002,0.47500000000000003,Sentinel-5P TROPOMI L3 O3
2023-03-18,26.847,80.947,Uttar Pradesh,Lucknow,O3,0.1612,0.47500000000000003,Sentinel-5P TROPOMI L3 O3
2023-03-18,22.719,75.857,Madhya Pradesh,Indore,O3,0.156,0.47500000000000003,Sentinel-5P TROPOMI L3 O3
2023-03-18,23.259,77.413,Madhya Pradesh,Bhopal,O3,0.1592,0.47500000000000003,Sentinel-5P TROPOMI L3 O3
2023-03-19,28.647,77.315,Delhi,Delhi,O3,0.156,0.5,Sentinel-5P TROPOMI L3 O3
2023-03-19,19.055,72.842,Maharashtra,Mumbai,O3,0.1564,0.5,Sentinel-5P TROPOMI L3 O3
2023-03-19,13.035,77.598,Karnataka,Bengaluru,O3,0.1564,0.5,Sentinel-5P TROPOMI L3 O3
2023-03-19,22.544,88.342,West Bengal,Kolkata,O3,0.1552,0.5,Sentinel-5P TROPOMI L3 O3
2023-03-19,13.165,80.263,Tamil Nadu,Chennai,O3,0.1568,0.5,Sentinel-5P TROPOMI L3 O3
2023-03-19,17.456,78.441,Telangana,Hyderabad,O3,0.1568,0.5,Sentinel-5P TROPOMI L3 O3
2023-03-19,25.611,85.093,Bihar,Patna,O3,0.16040000000000001,0.5,Sentinel-5P TROPOMI L3 O3
2023-03-19,18.531,73.849,Maharashtra,Pune,O3,0.1564,0.5,Sentinel-5P TROPOMI L3 O3
2023-03-19,30.733,76.789,Chandigarh,Chandigarh,O3,0.16040000000000001,0.5,Sentinel-5P TROPOMI L3 O3
2023-03-19,26.847,80.947,Uttar Pradesh,Lucknow,O3,0.162,0.5,Sentinel-5P TROPOMI L3 O3
2023-03-19,22.719,75.857,Madhya Pradesh,Indore,O3,0.1568,0.5,Sentinel-5P TROPOMI L3 O3
2023-03-19,23.259,77.413,Madhya Pradesh,Bhopal,O3,0.16,0.5,Sentinel-5P TROPOMI L3 O3
2023-03-20,28.647,77.315,Delhi,Delhi,O3,0.14959999999999998,0.8,Sentinel-5P TROPOMI L3 O3
2023-03-20,19.055,72.842,Maharashtra,Mumbai,O3,0.15,0.8,Sentinel-5P TROPOMI L3 O3
2023-03-20,13.035,77.598,Karnataka,Bengaluru,O3,0.15,0.8,Sentinel-5P TROPOMI L3 O3
2023-03-20,22.544,88.342,West Bengal,Kolkata,O3,0.1488,0.8,Sentinel-5P TROPOMI L3 O3
2023-03-20,13.165,80.263,Tamil Nadu,Chennai,O3,0.15039999999999998,0.8,Sentinel-5P TROPOMI L3 O3
2023-03-20,17.456,78.441,Telangana,Hyderabad,O3,0.15039999999999998,0.8,Sentinel-5P TROPOMI L3 O3
2023-03-20,25.611,85.093,Bihar,Patna,O3,0.154,0.8,Sentinel-5P TROPOMI L3 O3
2023-03-20,18.531,73.849,Maharashtra,Pune,O3,0.15,0.8,Sentinel-5P TROPOMI L3 O3
2023-03-20,30.733,76.789,Chandigarh,Chandigarh,O3,0.154,0.8,Sentinel-5P TROPOMI L3 O3
2023-03-20,26.847,80.947,Uttar Pradesh,Lucknow,O3,0.1556,0.8,Sentinel-5P TROPOMI L3 O3
2023-03-20,22.719,75.857,Madhya Pradesh,Indore,O3,0.15039999999999998,0.8,Sentinel-5P TROPOMI L3 O3
2023-03-20,23.259,77.413,Madhya Pradesh,Bhopal,O3,0.1536,0.8,Sentinel-5P TROPOMI L3 O3
2023-03-21,28.647,77.315,Delhi,Delhi,O3,0.1504,0.8250000000000001,Sentinel-5P TROPOMI L3 O3
2023-03-21,19.055,72.842,Maharashtra,Mumbai,O3,0.15080000000000002,0.8250000000000001,Sentinel-5P TROPOMI L3 O3
2023-03-21,13.035,77.598,Karnataka,Bengaluru,O3,0.15080000000000002,0.8250000000000001,Sentinel-5P TROPOMI L3 O3
2023-03-21,22.544,88.342,West Bengal,Kolkata,O3,0.1496,0.8250000000000001,Sentinel-5P TROPOMI L3 O3
2023-03-21,13.165,80.263,Tamil Nadu,Chennai,O3,0.1512,0.8250000000000001,Sentinel-5P TROPOMI L3 O3
2023-03-21,17.456,78.441,Telangana,Hyderabad,O3,0.1512,0.8250000000000001,Sentinel-5P TROPOMI L3 O3
2023-03-21,25.611,85.093,Bihar,Patna,O3,0.15480000000000002,0.8250000000000001,Sentinel-5P TROPOMI L3 O3
2023-03-21,18.531,73.849,Maharashtra,Pune,O3,0.15080000000000002,0.8250000000000001,Sentinel-5P TROPOMI L3 O3
2023-03-21,30.733,76.789,Chandigarh,Chandigarh,O3,0.15480000000000002,0.8250000000000001,Sentinel-5P TROPOMI L3 O3
2023-03-21,26.847,80.947,Uttar Pradesh,Lucknow,O3,0.1564,0.8250000000000001,Sentinel-5P TROPOMI L3 O3
2023-03-21,22.719,75.857,Madhya Pradesh,Indore,O3,0.1512,0.8250000000000001,Sentinel-5P TROPOMI L3 O3
2023-03-21,23.259,77.413,Madhya Pradesh,Bhopal,O3,0.1544,0.8250000000000001,Sentinel-5P TROPOMI L3 O3
2023-03-22,28.647,77.315,Delhi,Delhi,O3,0.1512,0.8500000000000001,Sentinel-5P TROPOMI L3 O3
2023-03-22,19.055,72.842,Maharashtra,Mumbai,O3,0.1516,0.8500000000000001,Sentinel-5P TROPOMI L3 O3
2023-03-22,13.035,77.598,Karnataka,Bengaluru,O3,0.1516,0.8500000000000001,Sentinel-5P TROPOMI L3 O3
2023-03-22,22.544,88.342,West Bengal,Kolkata,O3,0.1504,0.8500000000000001,Sentinel-5P TROPOMI L3 O3
2023-03-22,13.165,80.263,Tamil Nadu,Chennai,O3,0.152,0.8500000000000001,Sentinel-5P TROPOMI L3 O3
2023-03-22,17.456,78.441,Telangana,Hyderabad,O3,0.152,0.8500000000000001,Sentinel-5P TROPOMI L3 O3
2023-03-22,25.611,85.093,Bihar,Patna,O3,0.15560000000000002,0.8500000000000001,Sentinel-5P TROPOMI L3 O3
2023-03-22,18.531,73.849,Maharashtra,Pune,O3,0.1516,0.8500000000000001,Sentinel-5P TROPOMI L3 O3
2023-03-22,30.733,76.789,Chandigarh,Chandigarh,O3,0.15560000000000002,0.8500000000000001,Sentinel-5P TROPOMI L3 O3
2023-03-22,26.847,80.947,Uttar Pradesh,Lucknow,O3,0.1572,0.8500000000000001,Sentinel-5P TROPOMI L3 O3
2023-03-22,22.719,75.857,Madhya Pradesh,Indore,O3,0.152,0.8500000000000001,Sentinel-5P TROPOMI L3 O3
2023-03-22,23.259,77.413,Madhya Pradesh,Bhopal,O3,0.1552,0.8500000000000001,Sentinel-5P TROPOMI L3 O3
2023-03-23,28.647,77.315,Delhi,Delhi,O3,0.152,0.875,Sentinel-5P TROPOMI L3 O3
2023-03-23,19.055,72.842,Maharashtra,Mumbai,O3,0.1524,0.875,Sentinel-5P TROPOMI L3 O3
2023-03-23,13.035,77.598,Karnataka,Bengaluru,O3,0.1524,0.875,Sentinel-5P TROPOMI L3 O3
2023-03-23,22.544,88.342,West Bengal,Kolkata,O3,0.1512,0.875,Sentinel-5P TROPOMI L3 O3
2023-03-23,13.165,80.263,Tamil Nadu,Chennai,O3,0.1528,0.875,Sentinel-5P TROPOMI L3 O3
2023-03-23,17.456,78.441,Telangana,Hyderabad,O3,0.1528,0.875,Sentinel-5P TROPOMI L3 O3
2023-03-23,25.611,85.093,Bihar,Patna,O3,0.1564,0.875,Sentinel-5P TROPOMI L3 O3
2023-03-23,18.531,73.849,Maharashtra,Pune,O3,0.1524,0.875,Sentinel-5P TROPOMI L3 O3
2023-03-23,30.733,76.789,Chandigarh,Chandigarh,O3,0.1564,0.875,Sentinel-5P TROPOMI L3 O3
2023-03-23,26.847,80.947,Uttar Pradesh,Lucknow,O3,0.158,0.875,Sentinel-5P TROPOMI L3 O3
2023-03-23,22.719,75.857,Madhya Pradesh,Indore,O3,0.1528,0.875,Sentinel-5P TROPOMI L3 O3
2023-03-23,23.259,77.413,Madhya Pradesh,Bhopal,O3,0.156,0.875,Sentinel-5P TROPOMI L3 O3
2023-03-24,28.647,77.315,Delhi,Delhi,O3,0.1528,0.4,Sentinel-5P TROPOMI L3 O3
2023-03-24,19.055,72.842,Maharashtra,Mumbai,O3,0.1532,0.4,Sentinel-5P TROPOMI L3 O3
2023-03-24,13.035,77.598,Karnataka,Bengaluru,O3,0.1532,0.4,Sentinel-5P TROPOMI L3 O3
2023-03-24,22.544,88.342,West Bengal,Kolkata,O3,0.152,0.4,Sentinel-5P TROPOMI L3 O3
2023-03-24,13.165,80.263,Tamil Nadu,Chennai,O3,0.1536,0.4,Sentinel-5P TROPOMI L3 O3
2023-03-24,17.456,78.441,Telangana,Hyderabad,O3,0.1536,0.4,Sentinel-5P TROPOMI L3 O3
2023-03-24,25.611,85.093,Bihar,Patna,O3,0.1572,0.4,Sentinel-5P TROPOMI L3 O3
2023-03-24,18.531,73.849,Maharashtra,Pune,O3,0.1532,0.4,Sentinel-5P TROPOMI L3 O3
2023-03-24,30.733,76.789,Chandigarh,Chandigarh,O3,0.1572,0.4,Sentinel-5P TROPOMI L3 O3
2023-03-24,26.847,80.947,Uttar Pradesh,Lucknow,O3,0.1588,0.4,Sentinel-5P TROPOMI L3 O3
2023-03-24,22.719,75.857,Madhya Pradesh,Indore,O3,0.1536,0.4,Sentinel-5P TROPOMI L3 O3
2023-03-24,23.259,77.413,Madhya Pradesh,Bhopal,O3,0.1568,0.4,Sentinel-5P TROPOMI L3 O3
2023-03-25,28.647,77.315,Delhi,Delhi,O3,0.1536,0.42500000000000004,Sentinel-5P TROPOMI L3 O3
2023-03-25,19.055,72.842,Maharashtra,Mumbai,O3,0.154,0.42500000000000004,Sentinel-5P TROPOMI L3 O3
2023-03-25,13.035,77.598,Karnataka,Bengaluru,O3,0.154,0.42500000000000004,Sentinel-5P TROPOMI L3 O3
2023-03-25,22.544,88.342,West Bengal,Kolkata,O3,0.1528,0.42500000000000004,Sentinel-5P TROPOMI L3 O3
2023-03-25,13.165,80.263,Tamil Nadu,Chennai,O3,0.15439999999999998,0.42500000000000004,Sentinel-5P TROPOMI L3 O3
2023-03-25,17.456,78.441,Telangana,Hyderabad,O3,0.15439999999999998,0.42500000000000004,Sentinel-5P TROPOMI L3 O3
2023-03-25,25.611,85.093,Bihar,Patna,O3,0.158,0.42500000000000004,Sentinel-5P TROPOMI L3 O3
2023-03-25,18.531,73.849,Maharashtra,Pune,O3,0.154,0.42500000000000004,Sentinel-5P TROPOMI L3 O3
2023-03-25,30.733,76.789,Chandigarh,Chandigarh,O3,0.158,0.42500000000000004,Sentinel-5P TROPOMI L3 O3
2023-03-25,26.847,80.947,Uttar Pradesh,Lucknow,O3,0.1596,0.42500000000000004,Sentinel-5P TROPOMI L3 O3
2023-03-25,22.719,75.857,Madhya Pradesh,Indore,O3,0.15439999999999998,0.42500000000000004,Sentinel-5P TROPOMI L3 O3
2023-03-25,23.259,77.413,Madhya Pradesh,Bhopal,O3,0.1576,0.42500000000000004,Sentinel-5P TROPOMI L3 O3
2023-03-26,28.647,77.315,Delhi,Delhi,O3,0.1544,0.45,Sentinel-5P TROPOMI L3 O3
2023-03-26,19.055,72.842,Maharashtra,Mumbai,O3,0.15480000000000002,0.45,Sentinel-5P TROPOMI L3 O3
2023-03-26,13.035,77.598,Karnataka,Bengaluru,O3,0.15480000000000002,0.45,Sentinel-5P TROPOMI L3 O3
2023-03-26,22.544,88.342,West Bengal,Kolkata,O3,0.15360000000000001,0.45,Sentinel-5P TROPOMI L3 O3
2023-03-26,13.165,80.263,Tamil Nadu,Chennai,O3,0.1552,0.45,Sentinel-5P TROPOMI L3 O3
2023-03-26,17.456,78.441,Telangana,Hyderabad,O3,0.1552,0.45,Sentinel-5P TROPOMI L3 O3
2023-03-26,25.611,85.093,Bihar,Patna,O3,0.15880000000000002,0.45,Sentinel-5P TROPOMI L3 O3
2023-03-26,18.531,73.849,Maharashtra,Pune,O3,0.15480000000000002,0.45,Sentinel-5P TROPOMI L3 O3
2023-03-26,30.733,76.789,Chandigarh,Chandigarh,O3,0.15880000000000002,0.45,Sentinel-5P TROPOMI L3 O3
2023-03-26,26.847,80.947,Uttar Pradesh,Lucknow,O3,0.16040000000000001,0.45,Sentinel-5P TROPOMI L3 O3
2023-03-26,22.719,75.857,Madhya Pradesh,Indore,O3,0.1552,0.45,Sentinel-5P TROPOMI L3 O3
2023-03-26,23.259,77.413,Madhya Pradesh,Bhopal,O3,0.1584,0.45,Sentinel-5P TROPOMI L3 O3
2023-03-27,28.647,77.315,Delhi,Delhi,O3,0.1552,0.47500000000000003,Sentinel-5P TROPOMI L3 O3
2023-03-27,19.055,72.842,Maharashtra,Mumbai,O3,0.15560000000000002,0.47500000000000003,Sentinel-5P TROPOMI L3 O3
2023-03-27,13.035,77.598,Karnataka,Bengaluru,O3,0.15560000000000002,0.47500000000000003,Sentinel-5P TROPOMI L3 O3
2023-03-27,22.544,88.342,West Bengal,Kolkata,O3,0.1544,0.47500000000000003,Sentinel-5P TROPOMI L3 O3
2023-03-27,13.165,80.263,Tamil Nadu,Chennai,O3,0.156,0.47500000000000003,Sentinel-5P TROPOMI L3 O3
2023-03-27,17.456,78.441,Telangana,Hyderabad,O3,0.156,0.47500000000000003,Sentinel-5P TROPOMI L3 O3
2023-03-27,25.611,85.093,Bihar,Patna,O3,0.15960000000000002,0.47500000000000003,Sentinel-5P TROPOMI L3 O3
2023-03-27,18.531,73.849,Maharashtra,Pune,O3,0.15560000000000002,0.47500000000000003,Sentinel-5P TROPOMI L3 O3
2023-03-27,30.733,76.789,Chandigarh,Chandigarh,O3,0.15960000000000002,0.47500000000000003,Sentinel-5P TROPOMI L3 O3
2023-03-27,26.847,80.947,Uttar Pradesh,Lucknow,O3,0.1612,0.47500000000000003,Sentinel-5P TROPOMI L3 O3
2023-03-27,22.719,75.857,Madhya Pradesh,Indore,O3,0.156,0.47500000000000003,Sentinel-5P TROPOMI L3 O3
2023-03-27,23.259,77.413,Madhya Pradesh,Bhopal,O3,0.1592,0.47500000000000003,Sentinel-5P TROPOMI L3 O3
2023-03-28,28.647,77.315,Delhi,Delhi,O3,0.156,0.5,Sentinel-5P TROPOMI L3 O3
2023-03-28,19.055,72.842,Maharashtra,Mumbai,O3,0.1564,0.5,Sentinel-5P TROPOMI L3 O3
2023-03-28,13.035,77.598,Karnataka,Bengaluru,O3,0.1564,0.5,Sentinel-5P TROPOMI L3 O3
2023-03-28,22.544,88.342,West Bengal,Kolkata,O3,0.1552,0.5,Sentinel-5P TROPOMI L3 O3
2023-03-28,13.165,80.263,Tamil Nadu,Chennai,O3,0.1568,0.5,Sentinel-5P TROPOMI L3 O3
2023-03-28,17.456,78.441,Telangana,Hyderabad,O3,0.1568,0.5,Sentinel-5P TROPOMI L3 O3
2023-03-28,25.611,85.093,Bihar,Patna,O3,0.16040000000000001,0.5,Sentinel-5P TROPOMI L3 O3
2023-03-28,18.531,73.849,Maharashtra,Pune,O3,0.1564,0.5,Sentinel-5P TROPOMI L3 O3
2023-03-28,30.733,76.789,Chandigarh,Chandigarh,O3,0.16040000000000001,0.5,Sentinel-5P TROPOMI L3 O3
2023-03-28,26.847,80.947,Uttar Pradesh,Lucknow,O3,0.162,0.5,Sentinel-5P TROPOMI L3 O3
2023-03-28,22.719,75.857,Madhya Pradesh,Indore,O3,0.1568,0.5,Sentinel-5P TROPOMI L3 O3
2023-03-28,23.259,77.413,Madhya Pradesh,Bhopal,O3,0.16,0.5,Sentinel-5P TROPOMI L3 O3
2023-03-29,28.647,77.315,Delhi,Delhi,O3,0.1568,0.525,Sentinel-5P TROPOMI L3 O3
2023-03-29,19.055,72.842,Maharashtra,Mumbai,O3,0.1572,0.525,Sentinel-5P TROPOMI L3 O3
2023-03-29,13.035,77.598,Karnataka,Bengaluru,O3,0.1572,0.525,Sentinel-5P TROPOMI L3 O3
2023-03-29,22.544,88.342,West Bengal,Kolkata,O3,0.156,0.525,Sentinel-5P TROPOMI L3 O3
2023-03-29,13.165,80.263,Tamil Nadu,Chennai,O3,0.1576,0.525,Sentinel-5P TROPOMI L3 O3
2023-03-29,17.456,78.441,Telangana,Hyderabad,O3,0.1576,0.525,Sentinel-5P TROPOMI L3 O3
2023-03-29,25.611,85.093,Bihar,Patna,O3,0.1612,0.525,Sentinel-5P TROPOMI L3 O3
2023-03-29,18.531,73.849,Maharashtra,Pune,O3,0.1572,0.525,Sentinel-5P TROPOMI L3 O3
2023-03-29,30.733,76.789,Chandigarh,Chandigarh,O3,0.1612,0.525,Sentinel-5P TROPOMI L3 O3
2023-03-29,26.847,80.947,Uttar Pradesh,Lucknow,O3,0.1628,0.525,Sentinel-5P TROPOMI L3 O3
2023-03-29,22.719,75.857,Madhya Pradesh,Indore,O3,0.1576,0.525,Sentinel-5P TROPOMI L3 O3
2023-03-29,23.259,77.413,Madhya Pradesh,Bhopal,O3,0.1608,0.525,Sentinel-5P TROPOMI L3 O3
2023-03-30,28.647,77.315,Delhi,Delhi,O3,0.1504,0.8250000000000001,Sentinel-5P TROPOMI L3 O3
2023-03-30,19.055,72.842,Maharashtra,Mumbai,O3,0.15080000000000002,0.8250000000000001,Sentinel-5P TROPOMI L3 O3
2023-03-30,13.035,77.598,Karnataka,Bengaluru,O3,0.15080000000000002,0.8250000000000001,Sentinel-5P TROPOMI L3 O3
2023-03-30,22.544,88.342,West Bengal,Kolkata,O3,0.1496,0.8250000000000001,Sentinel-5P TROPOMI L3 O3
2023-03-30,13.165,80.263,Tamil Nadu,Chennai,O3,0.1512,0.8250000000000001,Sentinel-5P TROPOMI L3 O3
2023-03-30,17.456,78.441,Telangana,Hyderabad,O3,0.1512,0.8250000000000001,Sentinel-5P TROPOMI L3 O3
2023-03-30,25.611,85.093,Bihar,Patna,O3,0.15480000000000002,0.8250000000000001,Sentinel-5P TROPOMI L3 O3
2023-03-30,18.531,73.849,Maharashtra,Pune,O3,0.15080000000000002,0.8250000000000001,Sentinel-5P TROPOMI L3 O3
2023-03-30,30.733,76.789,Chandigarh,Chandigarh,O3,0.15480000000000002,0.8250000000000001,Sentinel-5P TROPOMI L3 O3
2023-03-30,26.847,80.947,Uttar Pradesh,Lucknow,O3,0.1564,0.8250000000000001,Sentinel-5P TROPOMI L3 O3
2023-03-30,22.719,75.857,Madhya Pradesh,Indore,O3,0.1512,0.8250000000000001,Sentinel-5P TROPOMI L3 O3
2023-03-30,23.259,77.413,Madhya Pradesh,Bhopal,O3,0.1544,0.8250000000000001,Sentinel-5P TROPOMI L3 O3
2023-03-31,28.647,77.315,Delhi,Delhi,O3,0.1512,0.8500000000000001,Sentinel-5P TROPOMI L3 O3
2023-03-31,19.055,72.842,Maharashtra,Mumbai,O3,0.1516,0.8500000000000001,Sentinel-5P TROPOMI L3 O3
2023-03-31,13.035,77.598,Karnataka,Bengaluru,O3,0.1516,0.8500000000000001,Sentinel-5P TROPOMI L3 O3
2023-03-31,22.544,88.342,West Bengal,Kolkata,O3,0.1504,0.8500000000000001,Sentinel-5P TROPOMI L3 O3
2023-03-31,13.165,80.263,Tamil Nadu,Chennai,O3,0.152,0.8500000000000001,Sentinel-5P TROPOMI L3 O3
2023-03-31,17.456,78.441,Telangana,Hyderabad,O3,0.152,0.8500000000000001,Sentinel-5P TROPOMI L3 O3
2023-03-31,25.611,85.093,Bihar,Patna,O3,0.15560000000000002,0.8500000000000001,Sentinel-5P TROPOMI L3 O3
2023-03-31,18.531,73.849,Maharashtra,Pune,O3,0.1516,0.8500000000000001,Sentinel-5P TROPOMI L3 O3
2023-03-31,30.733,76.789,Chandigarh,Chandigarh,O3,0.15560000000000002,0.8500000000000001,Sentinel-5P TROPOMI L3 O3
2023-03-31,26.847,80.947,Uttar Pradesh,Lucknow,O3,0.1572,0.8500000000000001,Sentinel-5P TROPOMI L3 O3
2023-03-31,22.719,75.857,Madhya Pradesh,Indore,O3,0.152,0.8500000000000001,Sentinel-5P TROPOMI L3 O3
2023-03-31,23.259,77.413,Madhya Pradesh,Bhopal,O3,0.1552,0.8500000000000001,Sentinel-5P TROPOMI L3 O3
